$q_z (\AA^{-1})$,qx = 0.00613,$q_z (\AA^{-1})$,qx = 0.00919,$q_z (\AA^{-1})$,qx = 0.01226,$q_z (\AA^{-1})$,qx = 0.01532,$q_z (\AA^{-1})$,qx = 0.01839,$q_z (\AA^{-1})$,qx = 0.02145,$q_z (\AA^{-1})$,qx = 0.02452,$q_z (\AA^{-1})$,qx = 0.02758,$q_z (\AA^{-1})$,qx = 0.03065,$q_z (\AA^{-1})$,qx = 0.03371,$q_z (\AA^{-1})$,qx = 0.03678,$q_z (\AA^{-1})$,qx = 0.03984,$q_z (\AA^{-1})$,qx = 0.04291,$q_z (\AA^{-1})$,qx = 0.04597,$q_z (\AA^{-1})$,qx = 0.04904,$q_z (\AA^{-1})$,qx = 0.0521,$q_z (\AA^{-1})$,qx = 0.05517,$q_z (\AA^{-1})$,qx = 0.05823,$q_z (\AA^{-1})$,qx = 0.0613,$q_z (\AA^{-1})$,qx = 0.06436
-0.010800207,41.246398,-0.016196802,10.83323892,-0.021591044,4.320649765,-0.026982923,1.622878204,-0.03237243,1.369962121,-0.037759556,0.821977272,-0.043144291,0.569061189,-0.048292661,0.252916084,-0.053672692,0.189687063,-0.059050305,0.231839743,-0.06442549,0.168610723,-0.069564691,0.105381702,-0.069276346,0.261236993,-0.068629971,0.05800328,-0.065594087,0.332807419,-0.064575544,1.084215647,-0.061670502,1.020636823,-0.058605887,0.854446334,-0.055570924,1.259836611,-0.052373135,2.427887186
-0.010459404,44.93066455,-0.015569533,10.74965122,-0.020677445,3.781904061,-0.025899145,1.529204686,-0.031118505,0.596060966,-0.036219614,0.596060966,-0.041318472,0.390522702,-0.046415073,0.349415049,-0.051509407,0.164430611,-0.056717171,0.14798755,-0.061806896,0.197316734,-0.066894331,0.073993775,-0.066594285,0.094517756,-0.066161609,0.045644542,-0.063240962,0.767242845,-0.062524204,1.417224425,-0.059614991,1.074542879,-0.056645627,1.030389288,-0.053697785,1.27222737,-0.050664345,3.93543286
-0.010005253,125.9724971,-0.0149471,39.36640534,-0.020001621,17.62344946,-0.024939057,8.439964392,-0.029874295,5.626642928,-0.034807335,2.941930445,-0.039738163,2.230562018,-0.044666779,1.398622671,-0.049593167,0.783710979,-0.054517329,0.458169496,-0.059439248,0.341617606,-0.064358926,0.289370208,-0.064158853,0.05800328,-0.063822469,0.089943997,-0.061118513,1.496217593,-0.060385258,1.553783116,-0.057576511,0.791653685,-0.054701867,1.435943975,-0.051840178,1.724660178,-0.048884969,10.80706233
-0.009555441,35.66076153,-0.01444363,7.230608301,-0.019215977,3.119085934,-0.023986181,2.150278939,-0.028754235,0.992436433,-0.033520133,0.378071022,-0.038283867,0.448959339,-0.043045431,0.307182706,-0.047804817,0.094517756,-0.052448776,0.118147194,-0.05720384,0.098455995,-0.061956706,0.078764796,-0.061743139,0.2,-0.061502428,0.399368903,-0.058909544,1.825213274,-0.058365018,1.372580555,-0.05555633,1.061584839,-0.052775755,2.579260088,-0.049999135,2.731373084,-0.047120702,22.27618009
-0.00922274,30.85774476,-0.013830994,7.053198802,-0.018437154,3.209514806,-0.023041222,1.740098389,-0.027643184,1.102062313,-0.032243041,0.62643542,-0.036840779,0.522029517,-0.041436401,0.417623613,-0.045917882,0.301617054,-0.050509289,0.232013118,-0.055098562,0.092805247,-0.059573831,0.185610495,-0.059676281,0.314803988,-0.059415668,1.139903655,-0.056925343,2.213608822,-0.056262894,0.943501064,-0.053649354,1.494064467,-0.051045312,1.755673771,-0.048258668,6.634736167,-0.045449755,30.24863436
-0.008892434,36.04016977,-0.013335607,8.482277423,-0.01777674,3.290210749,-0.022215826,2.130078635,-0.026652862,1.084057877,-0.030976993,0.821601759,-0.035409959,0.524912235,-0.039840857,0.433623151,-0.04426968,0.273867253,-0.048696423,0.228222711,-0.05312108,0.159755898,-0.057433104,0.171167033,-0.057408779,2.107780319,-0.057240591,1.680534253,-0.054957632,1.003039636,-0.054376004,1.067690826,-0.051943704,1.589795116,-0.049327664,1.471033681,-0.046533096,17.56986687,-0.043791899,28.01803951
-0.008674517,107.1907579,-0.012844178,28.10749894,-0.017231256,7.352921722,-0.021397039,3.17052588,-0.025670474,1.555281608,-0.02994191,0.899439966,-0.034101888,0.764523971,-0.038478747,0.494691981,-0.042634796,0.314803988,-0.047007508,0.247345991,-0.051159608,0.404747985,-0.055309776,0.292317989,-0.05537588,0.811085293,-0.055293083,1.69637469,-0.053106339,0.943501064,-0.052505126,1.139261778,-0.05006921,2.298350573,-0.047538899,3.439506847,-0.044902586,29.34426129,-0.042147954,23.66451924
-0.008348325,718.5755915,-0.012465368,111.6014211,-0.016580478,37.25224375,-0.020693653,17.749729,-0.024804886,10.22828134,-0.028914173,7.721132117,-0.033021509,3.794004575,-0.037126889,2.684646512,-0.041230308,1.464352643,-0.045223857,1.220293869,-0.049215533,0.820924966,-0.053313146,2.595897867,-0.05346559,1.816061209,-0.053361863,2.4743464,-0.051270837,1.328103222,-0.050745115,1.834092932,-0.048391298,1.755673771,-0.045934523,8.249272725,-0.043284986,38.52562386,-0.040590172,13.16948608
-0.008025198,2180.175347,-0.011874571,758.7812524,-0.015935873,272.4588948,-0.019888399,110.756985,-0.023839038,50.11191839,-0.027894489,24.35448002,-0.031734656,12.84583735,-0.035786218,6.554446018,-0.039622692,4.71306319,-0.043670348,2.301728535,-0.047503112,1.972910173,-0.051546843,1.446800793,-0.051571425,2.42646,-0.051548485,1.082226976,-0.049452276,1.527646476,-0.049000015,2.641111241,-0.046726977,2.003649325,-0.044260881,22.37766712,-0.041756537,34.08750158,-0.039043931,6.391811162
-0.007705365,2131.936596,-0.011502538,678.3503619,-0.015297898,215.4336491,-0.019196794,83.94539649,-0.023093762,36.14774968,-0.026883559,19.6026189,-0.030671526,12.09984662,-0.034457661,7.871405599,-0.038241958,4.423599841,-0.042024415,3.035803812,-0.04591002,2.900276856,-0.049688731,2.032904339,-0.049796549,2.171039422,-0.049750758,0.838667613,-0.047839311,2.447174559,-0.047361148,2.477111174,-0.045077178,4.678740931,-0.042683034,34.93842983,-0.040165279,28.81768094,-0.037509955,3.368295365
-0.007389052,3415.317605,-0.011132873,1034.595303,-0.014874842,232.725429,-0.018511091,84.06717609,-0.022249398,37.55107898,-0.025882073,25.0376315,-0.029616701,18.89632566,-0.033245797,12.85701703,-0.036976731,5.878260397,-0.040602224,4.144307787,-0.044329448,2.963287433,-0.047951332,2.818344026,-0.04813758,1.108622756,-0.048066939,1.562474379,-0.046238764,3.102664661,-0.045735744,2.035563792,-0.043442815,14.90923603,-0.041118766,49.46128272,-0.038660828,17.09284341,-0.03605434,2.194377431
-0.007178992,6358.564736,-0.010765816,1852.109474,-0.014350858,315.8649512,-0.017934105,86.18175117,-0.021413259,19.9863335,-0.024992972,19.95440645,-0.02857088,21.13570731,-0.032146988,18.67732444,-0.035721284,10.0676632,-0.039191726,5.321175054,-0.042762452,2.740405153,-0.046331356,2.00076182,-0.046492158,1.572501774,-0.046397783,2.615123628,-0.04465157,2.732483459,-0.044124729,2.764528815,-0.04198725,28.14199307,-0.039644352,46.36000398,-0.037168499,9.45455401,-0.034544973,1.993996618
-0.006868844,6653.003533,-0.010401604,2192.623528,-0.013831686,352.7532026,-0.017260045,118.1897441,-0.020686678,10.62166183,-0.024111583,8.594465936,-0.027635412,14.62326207,-0.031056798,12.80195325,-0.034476445,11.87810096,-0.03789435,6.994881674,-0.041310509,2.61318221,-0.044724921,1.398976335,-0.04486133,3.072866279,-0.044838126,4.45643367,-0.043078652,2.366342908,-0.042529015,8.699929083,-0.040462049,43.78190583,-0.03818122,37.6480988,-0.035756466,3.867302086,-0.033172444,2.192656359
-0.006662231,6233.690566,-0.010040471,2568.587298,-0.013317678,604.9414325,-0.016692462,242.1914816,-0.019966303,24.40522753,-0.023337619,8.197975915,-0.026608092,9.146718652,-0.029975926,10.19505317,-0.03324301,10.42044509,-0.036508427,8.937051749,-0.039871043,6.001715104,-0.043133053,2.264402555,-0.04334165,5.049001063,-0.043291787,3.512934368,-0.04152092,3.9312107,-0.041115775,17.25535946,-0.039028539,54.17665855,-0.036730085,23.88999751,-0.03435389,1.895144145,-0.031747423,2.266862013
-0.006456778,8382.727127,-0.00968265,2437.460031,-0.012906845,837.460226,-0.016031726,380.2281402,-0.019350174,64.21769698,-0.022471781,22.44754858,-0.025786743,4.400969501,-0.028905064,5.833237682,-0.032119156,8.749856523,-0.035331552,8.072784292,-0.038444973,8.281114209,-0.041751223,4.921794294,-0.041835273,4.920108849,-0.041759685,3.115541888,-0.040149304,12.01298347,-0.039630928,41.28163562,-0.037606214,52.89698996,-0.035361193,10.55314655,-0.032961391,1.719822083,-0.030333851,1.859703063
-0.006252598,7441.575081,-0.009328368,3325.629414,-0.012498573,1053.221622,-0.015571072,516.6034319,-0.018641956,128.0633808,-0.021711222,53.75244209,-0.024778869,8.389109459,-0.027940677,4.515619413,-0.031005026,5.302745732,-0.034163432,6.162370529,-0.037224472,7.456986186,-0.040283878,6.058801276,-0.040343116,3.641143652,-0.040420024,2.213675624,-0.038704157,27.71621091,-0.038239632,56.74563771,-0.036195785,45.12768786,-0.034001657,5.414222921,-0.031579595,1.993323963,-0.028987219,1.627112509
-0.006049821,9429.272691,-0.009072282,4357.413259,-0.012093105,1246.874077,-0.015017962,580.0267379,-0.017941281,213.3163423,-0.02095728,102.2918966,-0.023971631,25.45061541,-0.026984332,10.20085395,-0.029995381,4.070037687,-0.033004774,3.606362507,-0.035918541,5.58470994,-0.038830755,4.894349117,-0.039046982,2.17066443,-0.038915554,6.188486522,-0.037354418,48.56465589,-0.036859471,69.92802039,-0.034869536,29.262748,-0.032652108,2.393866289,-0.030268298,2.623913539,-0.027648933,1.593885813
-0.005755776,10051.63347,-0.00872406,4674.869463,-0.01169068,1498.663957,-0.014470371,882.4644985,-0.017433758,319.959088,-0.020210414,172.5953375,-0.023170558,53.71968979,-0.026129026,27.77013081,-0.028901063,7.743840725,-0.031856274,3.948845932,-0.034625255,2.923171664,-0.037577201,3.307799515,-0.037759863,3.027901141,-0.037598087,17.905668,-0.036015784,73.99711552,-0.035491148,74.30290572,-0.033482992,17.02818442,-0.031313149,1.894296787,-0.028964678,1.859703063,-0.026319532,1.095844667
-0.005648936,10802.37538,-0.008380018,5052.898198,-0.011291533,1797.233537,-0.01401954,1065.183342,-0.016746056,452.672914,-0.019652693,261.6544442,-0.022376121,107.7926419,-0.025098051,59.88480105,-0.027999791,21.93647936,-0.03071862,11.1597689,-0.033435947,4.009344889,-0.036332769,2.962318517,-0.036395557,11.73445258,-0.036291039,38.72365025,-0.034688955,94.70882532,-0.034208969,57.56031584,-0.032177963,8.383312909,-0.029985392,2.624543218,-0.027669273,2.191620931,-0.024999546,1.959418365
-0.005361754,11122.57501,-0.008040371,5281.397482,-0.010895899,2037.421244,-0.013571393,1255.306746,-0.016245373,602.1197697,-0.018917837,371.4649475,-0.021588782,179.282281,-0.024258208,107.2233228,-0.026926111,57.7591226,-0.02959249,28.21800307,-0.032346148,15.029246,-0.03509817,6.844583251,-0.035130414,30.75323769,-0.034995114,70.60669996,-0.033450231,84.3546696,-0.032936062,40.18317573,-0.030948996,4.056273434,-0.028728666,2.956054493,-0.026382613,0.996178633,-0.023781875,1.926464172
-0.005255063,11683.964,-0.007880301,5503.999332,-0.010504006,2289.461024,-0.013126176,1400.043625,-0.015659481,909.5046175,-0.018191345,468.7017661,-0.020809001,265.7244807,-0.023425114,166.7594216,-0.026039683,97.34184947,-0.028652706,58.05510511,-0.03126418,32.81926868,-0.033874104,17.80458007,-0.033959718,52.80039087,-0.033790507,88.7362422,-0.03222078,73.81195361,-0.031673026,23.14534745,-0.029663565,2.542345688,-0.027480083,3.486943244,-0.02510522,1.228674323,-0.022477854,1.162715238
-0.005061045,15194.96567,-0.007546475,5651.893755,-0.010116082,2444.958268,-0.012598557,1868.495234,-0.015079572,875.9867548,-0.017644605,562.8904698,-0.020122654,429.2976634,-0.022599237,235.9349954,-0.025159681,151.8946921,-0.027633289,117.8536905,-0.030105425,68.38548907,-0.032661263,44.68829852,-0.032715732,86.56557617,-0.032594585,101.9574616,-0.031001192,51.67836281,-0.030420468,13.340113,-0.028451224,2.616237702,-0.026240164,2.590097464,-0.02383761,0.8634725,-0.021268262,1.329074862
-0.004869117,12839.85425,-0.007301473,7463.363419,-0.00973235,2720.4941,-0.012161756,2071.48404,-0.014589681,1032.117722,-0.017016131,810.7664414,-0.019441097,454.9461294,-0.021781038,308.3008011,-0.024286583,213.6738226,-0.026623658,154.7936925,-0.029126128,108.0730408,-0.031460329,76.9175307,-0.031484248,118.155874,-0.03133229,108.1983886,-0.029792068,35.18825207,-0.029244553,6.483387865,-0.02724696,3.711675164,-0.02506226,1.693503677,-0.022672768,1.195736383,-0.019982123,0.997020249
-0.004679397,16665.46343,-0.007057931,6016.62219,-0.00935303,2842.064411,-0.01172863,2190.074676,-0.014102728,1131.846796,-0.016393541,749.966495,-0.018682956,533.6909991,-0.021052661,445.2711056,-0.023420859,272.7608559,-0.025705969,198.3783966,-0.028071211,173.315745,-0.030434941,97.66630867,-0.030421229,130.4503709,-0.030231211,88.82950088,-0.028661656,16.93296139,-0.028076162,3.755360297,-0.026051287,3.486943244,-0.02388971,1.228674323,-0.021421811,1.229156109,-0.018782395,0.698074895
-0.004491985,13720.27617,-0.006735867,6096.069296,-0.009058402,3726.78818,-0.01129941,2238.437868,-0.013618962,1231.403787,-0.015857091,794.8325296,-0.018093803,592.5128924,-0.020329097,413.1058976,-0.022562972,320.8272403,-0.024795426,243.4217018,-0.027026458,189.783005,-0.029256065,147.2740237,-0.029288607,145.9008517,-0.029064936,78.3338691,-0.027538781,8.079298725,-0.026915809,2.989985945,-0.024919755,2.955367619,-0.022674467,1.195577307,-0.020265703,1.362301734,-0.01758599,1.097238864
-0.004385252,14087.43613,-0.006575741,6131.543659,-0.0087648,3104.372699,-0.010874327,2278.931109,-0.013060577,1571.959158,-0.015245393,993.9075878,-0.017428776,756.1656954,-0.019610723,508.5583004,-0.02171338,352.800407,-0.023892503,261.4274593,-0.026070187,210.2104515,-0.028246429,161.902931,-0.028240271,116.871706,-0.027979446,48.80414147,-0.026423946,4.885291714,-0.025763997,3.85283507,-0.023740621,2.590064447,-0.021516154,1.121002859,-0.019033251,1.030254257,-0.016393316,0.764930681
-0.004200858,18129.47487,-0.006337337,7530.374081,-0.008396142,3172.992882,-0.01052978,1820.312658,-0.012585847,1593.788979,-0.014716638,973.9524698,-0.016769952,632.0839657,-0.018897891,421.6230724,-0.020948457,412.7902102,-0.023073538,280.3807624,-0.025121342,206.2782241,-0.027243561,159.292072,-0.027127287,90.96191521,-0.026901529,27.3455683,-0.025317648,3.189318341,-0.024621224,4.317167825,-0.022622275,1.843011485,-0.020364545,1.229156109,-0.017887599,1.39614979,-0.015204779,0.96471687
-0.004019062,14817.59126,-0.006100883,6038.57994,-0.00810697,4008.692846,-0.010111691,1806.483359,-0.012115053,1594.911883,-0.014117048,806.3947594,-0.016191751,609.6990777,-0.018190968,481.5287728,-0.020188813,327.4509058,-0.022185294,281.005743,-0.0241804,195.6200217,-0.026174141,167.0024635,-0.026095727,62.04551069,-0.025831681,13.83122745,-0.024220375,3.520694116,-0.023487979,4.283622729,-0.021510118,1.32841923,-0.019261916,1.295847991,-0.016745542,0.897740889,-0.014020778,0.93167935
-0.003912373,15159.32795,-0.005866503,7415.961682,-0.007819253,3229.647781,-0.009770631,2104.918693,-0.011648431,1552.516644,-0.013597099,746.8622966,-0.01554439,683.3805424,-0.017490296,378.3415924,-0.019434824,327.2296591,-0.021377964,195.1432956,-0.023319723,176.7593261,-0.025188253,139.2750204,-0.025072311,39.99538867,-0.02477039,6.713121947,-0.023189885,4.10961168,-0.02247063,3.519831171,-0.020404568,1.170825208,-0.018122753,1.296126324,-0.015607472,0.69841497,-0.012841709,1.26472467
-0.003734092,19329.43618,-0.005634306,5805.412424,-0.007533135,3930.331341,-0.009360319,2016.449968,-0.01125641,1188.277644,-0.01308096,674.0114934,-0.014974319,614.7124641,-0.016796231,384.3742275,-0.018686844,242.8139201,-0.020576063,180.1025958,-0.022393986,138.0231723,-0.024280452,80.42196778,-0.024123254,22.60873717,-0.023718135,4.318868587,-0.02216511,4.715305639,-0.021353546,2.656593132,-0.019306058,1.195935673,-0.016991563,1.19669982,-0.014473777,0.798386375,-0.011667966,0.765667445
-0.003627072,19896.82844,-0.005404415,7107.319457,-0.007180455,3891.254409,-0.009023421,1524.016426,-0.010796802,1103.628214,-0.012568877,600.0306314,-0.014407728,525.9198166,-0.016177138,310.3489132,-0.017945239,226.6488526,-0.019712031,146.0759007,-0.021545386,85.10559623,-0.023309505,57.26102121,-0.023115494,11.66488022,-0.022734834,3.213463733,-0.021093465,4.084332396,-0.020344563,2.62362798,-0.018256901,1.295847991,-0.015903849,0.897740889,-0.01334484,1.031502138,-0.010499934,0.532754371
-0.003452601,16036.75963,-0.005176932,5541.925139,-0.006899947,3083.449397,-0.008621646,1431.307616,-0.010408171,1207.04058,-0.012127182,617.6507506,-0.013844873,436.3818756,-0.015561244,243.9416245,-0.017276293,161.6524708,-0.018990019,95.65490712,-0.020702422,62.63950122,-0.022413501,38.73408648,-0.022178866,4.31056307,-0.021757279,4.682466641,-0.020134341,4.117719354,-0.019245378,1.627530076,-0.017211127,1.429062357,-0.014820377,1.097509238,-0.01222104,0.898620161,-0.009337997,0.699382312
-0.003345466,16323.67884,-0.004951977,6582.880735,-0.006621444,3719.933624,-0.008289582,1591.209301,-0.009956389,1102.713363,-0.011621864,488.363005,-0.013286008,351.4751372,-0.014884886,158.6473559,-0.016546414,96.31003665,-0.018206607,55.43310598,-0.019865464,30.83217271,-0.02145926,22.93096111,-0.021248039,3.421051829,-0.020785864,5.354528411,-0.019129159,2.690048941,-0.018246351,1.494919592,-0.016131695,1.545737268,-0.013741518,0.831652474,-0.011102754,1.131856222,-0.008215633,0.466341772
-0.003175108,20292.33694,-0.004791808,6232.426369,-0.006407167,3442.57015,-0.00795913,1142.373963,-0.009509856,954.2041811,-0.011121291,428.2988755,-0.012731381,263.4842058,-0.014278275,108.0132422,-0.015885726,62.69003864,-0.017430084,38.73692902,-0.019034893,19.03624385,-0.020638352,10.93005973,-0.020323399,3.81073083,-0.019820997,6.076689663,-0.018131314,1.860034373,-0.017250658,1.461982348,-0.015060909,1.662483127,-0.01266764,0.765308038,-0.010032865,1.09880589,-0.007062346,0.533051227
-0.003068067,20933.71507,-0.00457012,4908.802503,-0.006070928,3398.233746,-0.007630439,1180.628236,-0.009128688,670.2189282,-0.01062569,347.9840778,-0.012181239,201.2109901,-0.013675678,75.20501558,-0.015168866,43.84260597,-0.016720446,22.71844127,-0.018211067,7.672456045,-0.019700434,5.978537178,-0.019405344,4.84813115,-0.01891394,4.350171253,-0.017185423,1.494919592,-0.016258655,1.229658307,-0.01403203,1.430087795,-0.011650982,1.065031301,-0.008922064,1.032421508,-0.005940007,0.932976429
-0.002960091,21168.33579,-0.004351261,5783.543691,-0.005857051,3227.315412,-0.007303636,899.3573827,-0.008748964,696.6248421,-0.010193023,212.9027918,-0.011635823,145.6546006,-0.013077353,49.24061995,-0.014517622,24.90673745,-0.016014157,12.71904059,-0.017394357,6.010825972,-0.018888255,5.18060139,-0.018547342,6.27592539,-0.017912452,4.649467306,-0.016243188,1.461982348,-0.015270693,1.562358098,-0.013069178,0.831652474,-0.010583529,1.031986556,-0.007817862,1.16585443,-0.004815859,0.933092503
-0.002795355,16847.76214,-0.004191132,5493.497102,-0.005585633,2433.645615,-0.006978867,917.6914552,-0.008315172,598.6777843,-0.00976151,200.2344578,-0.011095369,95.70078065,-0.012539057,35.59723694,-0.013870468,11.92108961,-0.015311502,6.508450037,-0.016640461,6.242799015,-0.018023539,5.479052327,-0.017590488,5.877712304,-0.017016039,3.520779349,-0.015304949,1.296126324,-0.01428712,1.861981102,-0.012045767,0.898405088,-0.009522116,2.830257595,-0.006749144,0.599682631,-0.003675899,0.566577653
-0.002634059,21247.69331,-0.004029727,5111.757833,-0.005316806,2728.500071,-0.006602704,819.0248663,-0.007994426,471.4913471,-0.009277861,153.4115095,-0.010613512,48.36447265,-0.011947883,21.25181084,-0.013227667,8.06904693,-0.014559514,5.728027141,-0.015890079,6.508367071,-0.017166208,7.504545704,-0.016743182,6.874569517,-0.016123276,2.325430476,-0.01437104,2.892024565,-0.01330828,1.895697775,-0.011027888,0.765491248,-0.008505059,0.799294071,-0.005678371,1.666029338,-0.002553865,1.133242076
-0.002527815,21822.88315,-0.003764122,4874.4167,-0.005102113,2618.105739,-0.006335941,701.8054906,-0.00756858,384.3426113,-0.008851309,88.93775694,-0.010132749,34.53571071,-0.011361713,12.25353582,-0.012589483,6.940349557,-0.01386714,6.276201274,-0.015143505,7.471668183,-0.016367594,8.16902388,-0.015899551,5.44724352,-0.015234492,2.55846911,-0.013441793,2.061479078,-0.012334512,1.563506651,-0.010015885,2.263712445,-0.007452116,0.832753165,-0.004586724,0.666494645,-0.001431052,2.1332713
-0.002420801,22260.28783,-0.003604681,4661.024554,-0.004787363,2469.099613,-0.006018046,478.6792644,-0.007247434,288.8315512,-0.008426419,73.29553104,-0.009604205,21.02223432,-0.01078079,11.72329971,-0.012005119,14.32201983,-0.01322815,11.45761586,-0.01440103,10.62735384,-0.015572708,8.833987882,-0.01505991,5.38171053,-0.01435001,1.728168431,-0.012517535,1.563119218,-0.011366152,1.430793288,-0.009052812,1.165400186,-0.006434866,1.032786753,-0.003517518,0.566577653,-0.000307804,0.799997411
-0.00231305,21996.79971,-0.003444141,4269.908192,-0.004574027,2155.11554,-0.005702706,483.7085816,-0.006830179,212.9739357,-0.007956444,51.94810284,-0.009128351,11.11038389,-0.01025215,6.82566185,-0.011421491,11.35949563,-0.012542821,9.466246362,-0.013662942,9.59910596,-0.014781852,8.768733472,-0.01422457,3.189779669,-0.013470147,1.961258038,-0.01159859,1.530240552,-0.01040353,1.131595758,-0.008048922,0.86590191,-0.00539172,1.03293819,-0.002447241,1.033250128,0.000815537,1.966660303
-0.002204594,22268.28902,-0.003282552,3934.495483,-0.004359298,2051.195782,-0.005434829,396.8181005,-0.006509146,159.3916489,-0.007582249,32.35670405,-0.008654136,11.62715238,-0.009724807,8.1722271,-0.010794262,16.3444542,-0.0118625,12.35800196,-0.012929521,10.06579192,-0.013995325,10.29833496,-0.013393838,2.293146573,-0.012595221,1.529484477,-0.010713669,1.297696238,-0.009494431,11.65146111,-0.007085297,1.132544304,-0.004375556,0.766468842,-0.001376219,1.433291655,0.001938631,0.599982553
-0.00205275,17524.69934,-0.003034636,3647.679186,-0.004058014,1854.823651,-0.005080172,299.7063814,-0.006101108,114.333665,-0.007120822,22.09586958,-0.008139314,12.65943806,-0.009156583,9.536112136,-0.010172629,18.5738212,-0.011187451,12.82557242,-0.012201049,9.004482191,-0.013213422,6.745054925,-0.012568017,1.495874775,-0.011725541,2.095244909,-0.009830091,1.46441804,-0.008539625,0.932320149,-0.006090791,1.232680964,-0.003358058,0.666561945,-0.000304777,0.633331284,0.003061134,0.866596881
-0.001904752,21875.58805,-0.002875578,3362.982534,-0.003845177,1660.105182,-0.004813548,243.5388128,-0.005780691,73.41392433,-0.006746606,15.25440981,-0.007711291,16.91611022,-0.008674747,11.56543489,-0.009596901,15.67814341,-0.010517931,13.39330534,-0.011477798,7.843225958,-0.012436434,5.184505294,-0.011747405,1.795481777,-0.010922893,3.559472589,-0.008924356,10.25328578,-0.007629676,3.730038998,-0.005127831,0.966297016,-0.002329693,0.633282336,0.000766758,1.799994175,0.004192003,0.899858626
-0.001798887,21927.49646,-0.002715645,3136.683195,-0.003631169,1508.672815,-0.004545459,194.2310291,-0.005420492,41.01190008,-0.006294396,12.46562313,-0.007205084,24.93124625,-0.008114535,16.3881392,-0.009022751,18.6485722,-0.00992973,10.4046401,-0.010797754,5.285424205,-0.011664647,4.78679928,-0.010998448,1.563119218,-0.010060033,2.162827063,-0.008068087,1.065508742,-0.006683905,1.232474684,-0.004153638,0.899767771,-0.001315168,2.233268392,0.001838059,0.799976737,0.005326299,1.099716164
-0.001692474,22836.99872,-0.002554884,2868.548137,-0.003416054,1317.185382,-0.004204371,167.5782992,-0.005063164,32.05267469,-0.005920715,13.10036704,-0.006777025,29.95794595,-0.007596488,15.76034005,-0.008414815,17.88831845,-0.009267502,12.83436974,-0.010118946,4.089708493,-0.010969147,2.959219966,-0.010184565,2.428425224,-0.009203309,2.063498147,-0.007171096,0.965813669,-0.005774265,1.265996665,-0.003182871,0.766546237,-0.000300243,0.833330637,0.0029088,0.833266232,0.006449669,0.932976429
-0.001585545,22723.16384,-0.002393345,2579.346256,-0.003132734,1171.640998,-0.003938146,133.5968063,-0.004742312,23.01443614,-0.005545231,13.86852582,-0.006280144,36.68341483,-0.007080673,19.05675131,-0.007879953,16.16331787,-0.008611531,10.34319312,-0.009408419,2.6273706,-0.010204058,2.6273706,-0.009376743,1.99645575,-0.008400674,2.163842778,-0.006314841,1.032613924,-0.004838724,1.432785231,-0.002220811,0.833266232,0.000714774,1.966660303,0.003978655,0.999842918,0.00760375,1.299312367
-0.001478134,22539.57841,-0.002199727,1905.498781,-0.002920176,1026.857943,-0.003670722,104.0896236,-0.004420015,21.25703723,-0.005105768,14.60381744,-0.005852662,40.81750342,-0.006598303,21.82256092,-0.007280707,13.14010909,-0.008023946,7.551404464,-0.008765932,2.095764234,-0.009444984,1.563506651,-0.008627649,2.329755972,-0.007552463,2.230908928,-0.005427736,0.832892543,-0.003930538,1.233015093,-0.001258076,2.266600756,0.001729574,0.466653097,0.005047298,0.699819377,0.008727519,0.766132911
-0.001370272,22744.22284,-0.002010023,2113.414783,-0.002706729,872.850454,-0.003402179,84.7495466,-0.004038571,26.85232984,-0.004731613,25.2884395,-0.005423397,39.96238927,-0.006056428,19.23252373,-0.006745802,10.74758679,-0.007376622,6.455206926,-0.008063585,2.362472638,-0.008749288,1.796810175,-0.007828169,1.964103445,-0.006749611,1.631892062,-0.004572583,1.099579363,-0.003021154,1.533092474,-0.000294957,0.766664186,0.002750692,1.349891296,0.006142293,0.866335256,0.009890643,0.93250975
-0.001261993,22054.36865,-0.001851053,1914.593458,-0.002492457,745.521911,-0.003079303,78.37964734,-0.00371829,32.58330138,-0.004356016,21.46703717,-0.004939489,46.22901493,-0.005574797,17.80599207,-0.006156053,7.621630251,-0.00678894,5.325156507,-0.007420565,1.99693369,-0.007998445,2.629296025,-0.007078691,1.698154557,-0.005911002,1.099234177,-0.003716036,0.933092503,-0.00211085,1.133242076,0.000668252,2.13332643,0.003775681,0.533249556,0.007212217,1.265996665,0.0110134,0.566051519
-0.001153329,22568.18109,-0.00169152,1735.135589,-0.002277426,625.7500415,-0.002813395,70.77430379,-0.003396877,46.77229389,-0.003930623,23.76898067,-0.004511678,43.97594323,-0.0050432,18.74220745,-0.005621828,5.126642889,-0.006151125,3.628597889,-0.006727326,2.330292222,-0.00730226,2.563321445,-0.006288588,1.998235178,-0.005108962,1.066102455,-0.002858358,0.866530529,-0.001199903,2.399930212,0.001631257,0.933306194,0.004792669,1.066391432,0.008317193,0.666202532,0.012184101,0.965406778
-0.001044314,22366.79323,-0.001531472,1548.916739,-0.002061702,555.6961059,-0.002546631,62.56534142,-0.003074428,59.50200379,-0.003557128,26.4712328,-0.004082492,39.05755481,-0.004562961,15.98263112,-0.005085892,3.596092003,-0.005564129,3.296417669,-0.006084625,3.496200558,-0.00656063,3.030040484,-0.005539694,1.498955696,-0.004305365,1.466105818,-0.001989661,0.999919479,-0.000288591,0.866663862,0.002593766,0.766604934,0.005808198,0.833014669,0.009387056,0.86590191,0.013360348,0.965184617
-0.000895294,21716.12053,-0.001370957,1379.248528,-0.001805865,437.7467196,-0.00227909,60.11357493,-0.002711763,73.70157414,-0.003182549,27.60894937,-0.003612985,39.13210556,-0.004081332,13.45478353,-0.004509531,2.497793972,-0.004975438,2.331274374,-0.0054014,3.396999802,-0.005864865,3.5635194,-0.004759981,1.432575174,-0.003480806,1.866185006,-0.001135211,2.699921489,0.000622809,2.266659332,0.003555484,0.866530529,0.00685443,1.532522279,0.010500623,0.566051519,0.014541748,0.93167935
-0.000790341,21924.89187,-0.001210025,1227.777956,-0.001593615,348.7570253,-0.002010856,60.62443038,-0.002392205,92.6021519,-0.002807001,28.08043671,-0.00318611,32.04434177,-0.00359846,12.39136709,-0.003975327,1.931987342,-0.004351121,2.798050633,-0.004759855,3.963905063,-0.005133406,3.597493671,-0.004012627,1.332823471,-0.002679532,1.366451988,-0.000280415,1.233329342,0.00153402,0.833309102,0.004539116,1.099716164,0.007870781,0.999303798,0.011620279,0.665797778,0.015727907,1.297377859
-0.000685147,21828.3145,-0.001048724,1086.791506,-0.00138088,273.3220169,-0.001742008,60.00157879,-0.00207192,99.84715805,-0.002400757,31.35007532,-0.002758264,28.75145058,-0.003084855,11.12744437,-0.003439911,2.998413155,-0.003764256,2.498677629,-0.004116861,3.531464382,-0.004438958,4.131147013,-0.00326405,1.499612951,-0.001877442,1.599871166,0.000574467,2.699991263,0.002444763,1.166572725,0.005503065,0.932976429,0.008926547,0.832597991,0.012689823,2.3630382,0.016918425,0.598641403
-0.000579745,22347.61773,-0.000887104,998.4513824,-0.001167725,218.3498051,-0.001472631,64.10880894,-0.001751003,117.4217478,-0.002028299,33.15398383,-0.002329577,22.49139607,-0.002604624,9.129840774,-0.002903447,4.5315998,-0.003176244,3.098814569,-0.003447964,3.765226305,-0.003743158,3.598623371,-0.00251448,1.566420571,-0.00107478,3.233239314,0.001429173,1.033303286,0.003354762,0.699890042,0.006465337,1.599153682,0.009942441,0.932320149,0.01381593,0.865130825,0.018112897,1.163738189
-0.000474165,22422.61274,-0.000725213,890.3368715,-0.000954214,169.1563409,-0.001182137,86.44435545,-0.001429553,128.3002192,-0.001655224,32.82486126,-0.001900181,18.56187586,-0.002123599,7.431415291,-0.00234594,5.098684034,-0.002587264,5.865152876,-0.002807351,3.99896787,-0.003046217,3.532421618,-0.001764143,1.333225971,-0.000271791,1.966660303,0.002283444,1.133242076,0.004263738,1.266339825,0.007462687,0.999303798,0.011006406,0.699087667,0.014947017,0.931450771,0.019350304,0.922456111
-0.000368442,22205.97795,-0.000563101,821.3376288,-0.000740412,123.8472094,-0.000916644,72.988533,-0.001107667,136.6451988,-0.001281644,31.6616924,-0.001470207,20.73007649,-0.001641928,12.69800506,-0.001812571,14.09778514,-0.001997497,9.831788691,-0.002165884,4.099355963,-0.002333192,2.06634203,-0.001013269,3.433233498,0.000531281,3.16665642,0.003155116,0.933186723,0.005185207,1.499426404,0.008425387,0.999117589,0.012076276,0.965184617,0.016082702,0.864704248,0.020595345,1.129956282
-0.000262606,22510.42061,-0.000400818,770.6712727,-0.000526384,92.9925115,-0.000650871,75.89388842,-0.000785444,144.1883888,-0.000907674,33.63062513,-0.001028824,9.165928553,-0.001159757,5.166250639,-0.00127865,8.83262206,-0.001407121,6.03284752,-0.001523757,1.933177658,-0.001639313,1.466548568,-0.000261621,1.39999547,0.001334192,1.466624019,0.004012432,1.266339825,0.006109788,1.732416489,0.009431883,0.665942963,0.013151692,0.765308038,0.017259671,0.972552629,0.021803695,1.162940504
-0.00015669,22396.91539,-0.000238413,783.277223,-0.000312196,100.6304071,-0.0003849,92.99729573,-0.000462981,154.6621692,-0.000533427,41.66545508,-0.000602792,13.36627799,-0.000677232,8.966405932,-0.00074434,13.69960163,-0.000810367,9.833047398,-0.000881165,5.199848793,-0.000944934,4.199877872,0.000487286,2.549991748,0.002136696,1.466548568,0.004868526,0.733052909,0.007018711,1.16585443,0.010444794,0.798957333,0.014232292,1.26411176,0.018444982,0.99724985,0.023106525,1.063053932
-5.07E-05,22387.52756,-7.59E-05,725.7643181,-9.79E-05,69.69977446,-0.000118812,75.89975439,-0.000140378,144.7995314,-0.000159018,32.73322741,-0.000176577,6.333312839,-0.000194501,3.933320605,-0.000209802,14.96661824,-0.000224024,21.96659558,-0.000238306,6.166646712,-0.000250268,1.39999547,0.00124029,1.133300378,0.002938549,1.166483404,0.005723138,2.33209912,0.007967104,1.099029348,0.011408153,0.832055704,0.015317709,1.230540661,0.019596622,0.830850207,0.02437174,0.896802287
5.53E-05,22351.761,8.66E-05,753.7308943,0.000116399,92.93303261,0.000147313,89.93304232,0.000182268,160.0994819,0.00021544,41.56653216,0.000249692,11.69996214,0.000288289,8.999970877,0.000324799,26.76658005,0.000362388,18.16660788,0.000404627,3.799987703,0.000444474,3.699988027,0.001991025,2.366476099,0.003739506,1.666236612,0.006612849,1.16585443,0.008876122,1.331885927,0.012428266,0.998227875,0.016407569,1.196987852,0.020751263,1.628116706,0.025642736,0.929893461
0.000161214,22507.7455,0.00024904,744.17836,0.000330676,86.56414946,0.000413392,76.29778133,0.000504859,143.1291713,0.000589832,33.13236988,0.000675885,7.533114278,0.000770991,4.466536784,0.000859301,8.833076476,0.00094869,5.866496075,0.001047436,2.433262576,0.001139082,1.933277115,0.002741154,1.33312389,0.00456671,1.599388165,0.007468374,0.86590191,0.009833334,1.098566333,0.013453784,1.26411176,0.017501499,1.362908128,0.022000605,0.86373132,0.026971741,0.996222424
0.000267127,22385.43068,0.000411439,801.3021394,0.000544853,107.391352,0.000679346,72.3608396,0.000827296,140.2220415,0.000964044,32.89735084,0.001101872,11.53240465,0.001253459,4.899605445,0.001393541,7.266081544,0.001547589,6.366154013,0.001689926,5.199581288,0.001833342,3.433056876,0.003490449,1.199690361,0.005369827,2.665256137,0.008367784,1.531668816,0.010796809,1.431135811,0.014484357,1.130767094,0.018599117,1.495530373,0.023164451,1.029661885,0.028309905,1.427856041
0.000372959,21944.55236,0.000573712,845.0672341,0.000758864,138.8781813,0.000945093,69.75570756,0.001149481,126.1468481,0.001337963,32.42823863,0.001544809,14.39773802,0.001735544,6.598963257,0.001927357,6.032385604,0.002137836,4.8659022,0.002331901,3.866059282,0.002527044,2.999528753,0.00423868,1.499426404,0.006171309,1.598886076,0.009223132,0.965406778,0.01170609,1.896632963,0.015519628,1.329986502,0.01970004,1.395528605,0.024430973,0.996314423,0.029656689,2.125208175
0.000478677,22398.78556,0.000735811,952.7874197,0.000972643,192.0171072,0.001210551,70.44848397,0.001471315,122.468391,0.001711474,32.6582376,0.001974693,27.05968259,0.002217101,8.064585204,0.002460586,4.832086176,0.002727432,4.29889046,0.002973166,3.599071083,0.003242466,2.799277509,0.005017588,3.164991663,0.007012318,1.465372464,0.010131091,1.63082918,0.01267652,2.129030333,0.01655924,1.628841422,0.020895886,1.262376544,0.025707557,1.75999295,0.031011545,2.756345612
0.000584249,22071.22347,0.000897685,1034.437616,0.001186126,244.6730686,0.001502014,63.942206,0.001792702,111.9238509,0.002084464,32.12104564,0.002403975,24.29070775,0.002697983,10.49598483,0.003019944,3.132135156,0.003316198,3.165455743,0.003613526,4.564920387,0.003939107,3.698585131,0.005767681,2.031917722,0.007814444,5.394138004,0.011045191,1.563890338,0.013652242,1.729408496,0.017602828,1.16319029,0.022006675,0.66429799,0.026993688,1.759915585,0.032435188,2.21704087
0.000689643,21952.31554,0.001059287,1182.17436,0.001399248,330.0919726,0.001771338,69.49655378,0.002113542,100.1136837,0.002472446,53.42172771,0.002832525,34.04864716,0.003178043,14.32575174,0.003556194,5.43045938,0.003903953,4.930723854,0.004284549,5.43045938,0.004634549,4.764145346,0.006516017,3.030656686,0.008664887,2.030683222,0.011932811,2.295360828,0.014632918,1.230237514,0.018650026,1.329074862,0.023220394,1.162366827,0.028231876,2.191620931,0.033869977,1.59465917
0.000794827,21701.34761,0.001220565,1307.72226,0.001611944,394.6583798,0.002040123,58.85899367,0.002433739,81.90960127,0.002864359,27.68071519,0.003260212,36.30803798,0.003693272,13.25743038,0.004091361,2.564879747,0.00452686,2.398329114,0.004927185,3.197772152,0.005328578,3.664113924,0.007308326,2.863554743,0.009466627,3.161811676,0.012821365,1.729408496,0.015618205,1.728566407,0.019792369,0.830510884,0.02439195,2.366028258,0.029592489,2.623509679,0.035315291,1.869371829
0.000899769,21608.14922,0.001381471,1448.85372,0.001824148,475.4467566,0.002308286,60.04696709,0.002753194,66.84096669,0.003239766,26.77635138,0.003686906,38.39941933,0.004175912,14.62042072,0.004625282,2.69761749,0.00511672,2.364578294,0.005568319,3.263784124,0.006062189,3.396999802,0.0080571,2.263712445,0.010325409,3.027957888,0.013747439,1.462985152,0.016607757,1.16319029,0.020850092,1.494670478,0.025569101,2.789300173,0.030904089,2.424628966,0.036770484,3.09207729
0.001049182,22122.82503,0.001541957,1614.944984,0.002080744,570.0804739,0.002575746,81.24504154,0.003116961,58.96924942,0.003614187,24.87296969,0.004157829,42.52045822,0.004657279,18.71299727,0.005203347,4.461817855,0.005705021,2.996743336,0.006253514,2.630474706,0.00675741,2.630474706,0.008858638,7.022550144,0.011190239,2.894150609,0.014678395,1.229941482,0.017601223,1.030033018,0.021960637,1.868089543,0.026808313,2.78933573,0.032223095,1.893657765,0.038304459,8.350045795
0.001158182,22456.72654,0.001701973,1815.863569,0.002296411,684.3735359,0.002842421,103.7312938,0.003439278,39.98115656,0.003987507,23.30292222,0.004586783,47.13848267,0.005137228,24.16845934,0.005738923,31.62539445,0.006341879,6.458238445,0.006895696,2.363582111,0.007501068,2.763060778,0.009606877,2.029730013,0.012060816,1.629634929,0.015613903,1.36259434,0.018644152,1.14610502,0.023077615,2.390933819,0.028056472,2.988808494,0.033614349,1.719822083,0.039851049,11.31883227
0.001266829,22281.85268,0.001861471,1990.410374,0.002511377,811.0879005,0.00310823,78.11338952,0.003760548,28.95553851,0.004414124,18.77117669,0.00501434,43.49987222,0.005670326,19.76964353,0.006272751,8.486968183,0.006931146,5.125463138,0.007590797,1.730675865,0.00819658,2.329755972,0.010416603,1.696571047,0.012863192,1.69573279,0.01655363,1.661343578,0.019694703,2.05932377,0.024255313,2.324416811,0.029313056,2.823198112,0.035016005,3.55755129,0.041409523,19.55847774
0.001375091,22001.57458,0.002020402,2142.895779,0.002725579,934.075097,0.00343201,92.33607845,0.004080673,23.79109769,0.004789506,22.22720735,0.005499592,40.42822894,0.006151604,19.89800898,0.006864089,11.94546024,0.007548065,7.087417913,0.008233185,2.362472638,0.008949321,1.696987388,0.011232312,1.762666352,0.013739811,1.462633113,0.017543089,1.943395469,0.020702161,3.95204721,0.02538601,3.685907929,0.030577533,2.325544624,0.036496934,12.8743734,0.043054676,25.16544013
0.001482933,22078.04456,0.002242022,2374.268015,0.00293895,1074.428464,0.003700433,119.9242867,0.004463163,25.11590471,0.005163429,15.00301063,0.00592855,37.05843424,0.006694919,18.42941882,0.007398519,15.76813091,0.008167277,8.782250125,0.008937281,2.960682807,0.009644212,2.361893026,0.012053716,1.629233465,0.014621268,2.193444548,0.018540508,2.922911157,0.021817056,3.287534001,0.026580804,3.437129769,0.031914714,2.218321237,0.037919524,14.48144716,0.044714115,26.04776021
0.001590324,22281.59929,0.002404242,2650.584583,0.003151427,1222.392486,0.003967728,150.7911177,0.004785272,28.50198233,0.005604058,12.27214875,0.006355703,32.45966716,0.007176869,17.72643709,0.007999276,15.09906649,0.008822924,9.57826244,0.009579024,4.157231962,0.010405048,2.061987053,0.012841487,1.620531006,0.015507248,3.156552798,0.019495238,4.38378346,0.02283336,4.715245531,0.027784475,2.989268589,0.03326282,4.654740006,0.039424085,23.1403114,0.046387014,21.24427305
0.00169723,21972.47425,0.00256573,2905.754509,0.003435468,1357.384224,0.004233815,182.4408984,0.005105923,38.1706126,0.005979268,12.73462075,0.006853849,25.70198915,0.007729665,15.52759241,0.008533581,18.91905799,0.009411764,11.90337919,0.010291181,4.355705793,0.011171832,3.424715242,0.013629852,2.592252647,0.016397426,3.820350067,0.020505228,3.860361895,0.023964958,4.184003595,0.02899651,1.968407414,0.034621246,11.72665794,0.0409404,32.82013663,0.048153841,11.78292684
0.001803619,21922.27752,0.002726437,3190.933587,0.003650486,1551.654283,0.004575766,219.1622754,0.005502276,59.70202435,0.006352657,15.15819772,0.007281524,20.41038026,0.00821162,13.23018134,0.009142944,17.78428899,0.010075497,11.80078989,0.011009277,6.116465747,0.011944284,4.753557618,0.014462077,4.352720173,0.017339495,4.209988513,0.021522004,4.316774078,0.025106376,3.486943244,0.030216387,2.916220054,0.035989359,22.5045018,0.042545165,33.82869371,0.049936176,5.009174079
0.001909459,21285.81734,0.002886313,3450.088869,0.003864391,1726.440263,0.004843694,264.376536,0.00582422,89.76505641,0.006805969,18.04606651,0.007788941,14.75589968,0.008773136,11.89777497,0.009758552,17.38138634,0.010745189,12.66215716,0.011691865,7.577353892,0.012639656,6.214759552,0.015298821,5.049506176,0.018289501,5.380097883,0.022545168,3.063288347,0.026196058,6.900228326,0.03151093,7.11510258,0.037439991,33.98577052,0.044164061,25.85932174,0.051733071,1.513628023
0.002057637,17038.15826,0.00304531,3652.497082,0.00407712,1883.731029,0.005110147,319.7089581,0.006144391,132.2429488,0.00717985,27.27926155,0.008216526,9.901607723,0.009254416,7.874768558,0.010293521,16.38084768,0.01133384,10.99809448,0.012375373,9.469658393,0.013418119,8.605759732,0.016187741,4.683300832,0.019194673,5.512430748,0.023574295,3.686197143,0.027353541,3.363734188,0.03281633,13.17377743,0.038902988,43.09310622,0.045796248,17.51946194,,
0.002209651,21378.77864,0.003293769,3964.02845,0.004379097,2075.812124,0.005465634,440.8019569,0.006553381,183.6425667,0.007642337,41.29300116,0.0087325,14.81631417,0.009823871,15.74648636,0.010916449,13.12207197,0.012010234,11.16206628,0.013105224,9.667146692,0.01420142,7.873243182,0.01703479,5.155927138,0.020157254,5.205033359,0.024669991,3.321409543,0.028519369,5.134541291,0.034131973,31.62614898,0.04037763,46.78578468,0.04744089,7.123599318,,
0.002318074,21366.5802,0.003455286,4276.982966,0.0045937,2264.160055,0.005733316,499.1535099,0.006874134,245.1591733,0.008016152,59.78681913,0.009207033,13.02854433,0.01039921,7.838716285,0.011544927,10.26340395,0.012691843,9.898040055,0.013839957,9.433031462,0.014989267,8.503014276,0.017937746,6.40903093,0.02112663,5.479052327,0.025775007,3.587983133,0.029760334,10.70590201,0.03545725,39.10862563,0.041942503,35.36531878,0.049182132,2.951574645,,
0.002425792,21592.39185,0.003615751,4659.36403,0.004806905,2499.98536,0.006048961,513.8740714,0.007292308,324.8317123,0.00848714,88.27345786,0.009683164,27.13296278,0.010930292,9.788789204,0.012178707,7.638410575,0.013378403,6.741727594,0.014579288,8.900408843,0.015781363,8.73435644,0.018793767,5.777836073,0.022102415,3.511849981,0.026823661,7.377787487,0.030943349,20.75867959,0.036866914,46.07827109,0.043440135,24.64616466,0.051111434,1.466848508,,
0.002532771,21050.87718,0.003775115,4824.140675,0.005122326,2631.95323,0.00636714,734.2159268,0.007613138,416.1553141,0.008912315,99.87129805,0.01021277,46.09189084,0.011462417,18.09804071,0.012765393,5.827901183,0.014069645,7.172801456,0.015322935,8.700342507,0.016629703,6.201484592,0.019709356,3.710812713,0.023084195,3.421051829,0.027943782,13.51537009,0.032204493,35.55444959,0.038288849,52.57139296,0.045113362,10.09386334,0.052884095,1.394945732,,
0.002638978,21027.07294,0.004041244,5223.728311,0.00533687,2940.453678,0.006687733,716.9497624,0.008039868,525.0193457,0.009339118,174.5637025,0.010747965,73.11951168,0.012049661,28.92238632,0.013406845,8.293187122,0.014765296,6.408749207,0.016070607,5.279746756,0.017486017,5.512188438,0.020631777,3.088435444,0.024134633,5.714195361,0.029141046,29.67426633,0.033475856,52.84454121,0.039722342,44.72082509,0.046802641,3.73361579,0.054849992,1.195893728,,
0.002800442,16676.81571,0.004202561,5602.546846,0.005605951,2502.781294,0.007010603,1002.068861,0.008416525,524.1460695,0.009823707,232.1125804,0.011232158,94.38912873,0.012641867,48.68054977,0.014052845,15.24172738,0.015465079,9.961913322,0.016878579,4.358337078,0.018293335,4.814924772,0.021560653,3.537301163,0.025129263,10.91713148,0.030278377,51.56726817,0.034756836,62.41329336,0.041166668,30.85167198,0.048507042,1.82091539,,,,
0.002965335,21119.91709,0.004362597,5897.085205,0.005877604,3327.307661,0.007335625,969.8683565,0.008794896,785.3592454,0.010255427,252.9777323,0.011717206,174.4467891,0.013238788,74.2552866,0.014703127,30.08733884,0.016168713,17.76680605,0.017694251,7.173140387,0.01910364,6.077243939,0.022495583,8.371960645,0.026195831,21.09594667,0.031495818,64.32306861,0.036124096,65.89582414,0.042704138,17.4523988,0.050225624,1.394945732,,,,
0.003073267,20962.31241,0.004581666,5029.86788,0.006091307,3506.412055,0.007662657,1287.644052,0.009235352,888.9752642,0.01074883,312.3287464,0.012263546,236.5175736,0.013840171,111.4997184,0.015357424,48.12722428,0.016875913,35.00765658,0.018456459,14.34848923,0.020038345,8.336737953,0.023501269,16.68310504,0.027270785,38.02431212,0.032723477,86.91999598,0.03750358,56.50926468,0.044254671,6.18064776,0.05195743,1.832007413,,,,
0.003180262,20423.92955,0.00480355,6420.795484,0.006428173,3595.258766,0.007991572,1221.533841,0.009618812,816.7894104,0.011184721,464.5773717,0.012814575,318.5996134,0.01444576,156.1104884,0.016078275,89.40057974,0.017649257,43.80329409,0.019284378,23.79530481,0.020857859,17.9066936,0.024449177,29.97320082,0.028353633,57.12681226,0.033960761,83.5031082,0.03889458,41.07694111,0.045904164,2.554339644,0.053885724,1.404547573,,,,
0.003350779,16084.99744,0.004963611,6629.573489,0.006642256,3746.154679,0.008322224,1659.636618,0.010003512,1157.282404,0.011686121,564.4672093,0.013370049,393.814332,0.015055295,213.9890704,0.016741859,139.313897,0.01842974,81.72062806,0.020118935,49.75021562,0.021809446,30.17581549,0.0254711,50.74898351,0.029517128,92.39464867,0.035286218,73.966188,0.040296377,21.77354562,0.047568643,1.496396331,0.055832174,0.794897558,,,,
0.003457863,16027.4834,0.005188759,5658.002718,0.006987613,3864.764131,0.008721178,1813.95218,0.010456052,1290.992141,0.012192234,660.8733364,0.013929721,480.1364316,0.015668514,278.7524301,0.017408611,198.8571427,0.019150011,127.4733799,0.020959769,69.89590841,0.022703823,48.02694242,0.026501469,79.47318331,0.030691459,92.15654217,0.036623874,53.99042596,0.041793095,9.956308773,0.049247168,1.908341055,0.057795615,0.618233573,,,,
0.003632479,19871.81157,0.005416421,7186.26232,0.007201659,3975.619812,0.009056935,1595.349437,0.010844814,1139.132542,0.012702825,761.218119,0.01449334,574.2236672,0.016285147,348.9387663,0.018147239,215.1467477,0.019941676,145.7848135,0.021806492,118.4309284,0.023603555,86.0952929,0.027539798,103.9064954,0.031798846,102.8636069,0.037973027,34.5859557,0.043302802,4.147640609,0.050938787,1.838680459,0.059483276,0.517846263,,,,
0.003739442,19273.97391,0.005646494,5953.522673,0.007554925,4026.674578,0.009393983,2071.313014,0.011305131,1205.855124,0.013217656,834.0980659,0.015060652,642.8098006,0.016975887,345.9068431,0.018892495,309.403609,0.02073942,219.052695,0.022658731,142.0929583,0.024579412,120.3125288,0.028585592,118.597765,0.033070257,90.92147558,0.039332962,14.30378482,0.044913154,1.192044535,0.052830111,1.512869546,,,,,,
0.003917871,14803.20206,0.005878857,7367.581938,0.007841216,3199.110566,0.009804939,2120.145651,0.011770031,1223.512728,0.013736485,899.6566566,0.015704307,572.2104215,0.017673487,453.5101201,0.019644032,300.074362,0.021615934,247.2631402,0.023589199,170.4536329,0.025563818,145.9388969,0.029715486,143.7969942,0.034273527,80.09375428,0.040702957,6.120298948,0.046538373,1.577561939,0.054739356,0.82431143,,,,,,
0.004024498,14386.90201,0.006113405,5967.536351,0.008129085,3937.249012,0.01014612,1789.197753,0.012239285,1249.841834,0.014259066,947.0810767,0.016280199,608.6234178,0.01837761,408.0503572,0.020401481,389.5389997,0.022426701,240.42251,0.024528346,193.9690087,0.026556297,166.3687414,0.030855699,118.8625856,0.035485236,45.38462746,0.042259158,1.648572229,0.048177525,2.885706831,0.056665358,0.466061637,,,,,,
0.004206426,17833.99976,0.006350012,7630.824931,0.008418406,3176.273898,0.010564815,1845.709224,0.012712659,1270.930331,0.01478515,994.3899432,0.016935809,761.1957002,0.019011016,435.0727332,0.021164484,341.9269446,0.023319381,252.2124474,0.025398666,242.5113264,0.027556364,184.9390975,0.031924669,97.85607683,0.036789512,23.30987155,0.043740827,1.79808135,0.04982966,1.666720686,0.058705717,3.187447733,,,,,,
0.004390959,13939.37835,0.006588569,6119.353911,0.0087876,3066.449038,0.010988049,1820.737036,0.013189916,1236.657477,0.015393198,793.8636203,0.017597895,601.3358282,0.019804005,419.0915684,0.022011526,331.3554797,0.024220458,244.8483985,0.026430798,188.8407696,0.028642546,148.4841753,0.033164712,64.33893942,0.038104632,10.54613496,0.045233771,1.966366602,0.051684681,1.05614902,0.060763657,2.018043943,,,,,,
0.00449762,13513.18307,0.006828948,7601.235611,0.009081314,3687.227024,0.0114156,1788.191046,0.013670816,1161.962401,0.015927429,789.6068392,0.018185439,561.2843678,0.020444843,386.8015812,0.022786407,359.1657187,0.025129468,220.4085653,0.027393147,167.0964742,0.029658214,120.7435957,0.034417019,37.23524936,0.039606658,2.637715567,0.046924516,3.487292512,0.053557407,1.087477152,,,,,,,,
0.004767403,13070.67202,0.007071034,6004.665619,0.009376048,2814.727913,0.011764839,2137.818166,0.014155115,1077.803094,0.01646437,700.6299061,0.018940099,495.5558296,0.021252205,330.6306609,0.023648333,285.6152188,0.026045938,173.7604456,0.02836226,129.5588894,0.03076275,101.8615968,0.035680901,16.48940047,0.040944857,1.577561939,0.048631593,2.060778576,0.055446672,3.515567353,,,,,,,,
0.004875001,12611.01892,0.007314697,7377.422984,0.00975586,2624.075995,0.012282738,1619.632439,0.014642567,974.5241754,0.017172465,622.2524802,0.019535109,407.2920738,0.022068019,272.3016813,0.024433472,184.5364831,0.026969388,123.3606839,0.029422246,102.7921608,0.031876557,55.17174143,0.036955657,5.808046776,0.042475497,2.655871774,0.050353966,0.911409423,0.057351295,2.411169387,,,,,,,,
0.005067044,15099.94087,0.007559819,5733.683204,0.010140068,2435.322591,0.012721859,1506.124642,0.015132921,843.5643447,0.017717689,538.7886314,0.020303993,317.9267689,0.022891832,200.5283073,0.025394865,149.7871511,0.027899332,78.09703782,0.030491662,49.67052535,0.033085519,30.07039442,0.038240575,1.781118318,0.044020885,3.256515801,0.052090568,3.593691072,0.059473907,2.850744229,,,,,,,,
0.005261181,11475.76201,0.007894055,5466.031446,0.010528451,2214.108592,0.013164366,1313.759891,0.015801799,687.9111472,0.018440747,420.994622,0.021081209,220.5028763,0.023723183,136.0959782,0.026366666,69.62047337,0.029011657,39.6164588,0.031658154,19.63069085,0.034306154,10.44941167,0.039534936,2.323887802,0.045580093,2.807810809,0.054040912,2.536969529,0.061615645,3.033069781,,,,,,,,
0.005367779,10819.45411,0.00814348,6471.667964,0.010920784,1921.215996,0.013610018,1163.324707,0.016300745,532.0200416,0.018992965,320.6267418,0.021866308,142.7948,0.024561606,82.26222175,0.027258389,35.18980906,0.029956656,18.06562866,0.032656405,7.226251462,0.035537769,3.613125731,0.041025187,3.846278506,0.047152179,1.89013886,0.055907761,3.885458802,0.063880066,0.407988849,,,,,,,,
0.005655269,10301.10512,0.008393952,4905.012108,0.01131684,1685.508162,0.014058569,993.9089369,0.016984701,394.4735701,0.019729467,222.7101706,0.022475698,84.42607773,0.025406626,41.52353369,0.028155882,14.47960861,0.03109003,6.18000932,0.0338423,2.528185631,0.03677966,1.915292144,0.042530184,4.198836348,0.048834825,4.499926212,0.057995425,4.086662441,,,,,,,,,,
0.005762007,9702.699084,0.008738372,4559.634959,0.011716388,1447.021258,0.014509774,809.180072,0.01749098,286.0349115,0.020473829,143.9533835,0.023365031,35.28319482,0.026257765,18.23136012,0.029245425,4.461683066,0.032234719,2.974455378,0.035038662,2.820604237,0.038031112,3.512934368,0.044049003,3.676708467,0.050631879,3.228870309,0.060101926,0.622719823,,,,,,,,,,
0.006056348,9189.526864,0.009086959,4209.346319,0.012119192,1201.846065,0.015153045,638.2746444,0.018188515,182.9971375,0.021225599,82.45690276,0.024264296,16.69230646,0.027304602,6.439933049,0.030346515,3.915479294,0.033390032,3.966998758,0.036435151,5.692900815,0.03948187,4.945868582,0.045580707,6.588433632,0.052445182,4.645657263,0.062225849,0.151790191,,,,,,,,,,
0.006259219,7126.082424,0.009439493,3816.060896,0.012525016,965.3948956,0.01561213,475.0980539,0.018797383,89.19384032,0.021887722,33.76357634,0.025076289,7.32752462,0.028169841,4.142770103,0.031361721,5.841305846,0.034555272,5.618631953,0.037653648,6.809678357,0.040850494,4.163483954,0.047224541,4.528805109,0.054273558,4.618779947,0.064581465,0.26305469,,,,,,,,,,
0.006463477,8028.149607,0.009697718,2879.306953,0.012933619,810.0388006,0.016171186,307.9324506,0.019410406,78.07163648,0.022749519,32.89008568,0.025893815,17.34346561,0.02923633,17.34346561,0.032482209,16.43723047,0.035729728,14.42684677,0.039077374,12.39563007,0.042229689,8.411320408,0.048882495,5.701488459,0.056325561,0.708612212,0.06673874,0.073957204,,,,,,,,,,
0.006669011,6332.569477,0.010055863,2293.818821,0.013444449,513.1597456,0.016735022,236.5566835,0.020127014,64.07944729,0.02352073,32.9177038,0.026916166,23.82340188,0.03021338,18.70228777,0.033612197,13.77511554,0.037012725,10.25271157,0.04041496,7.254474851,0.0438189,4.696538632,0.05065682,6.092745437,0.058396163,0.260211755,,,,,,,,,,,,
0.006976855,2851.293262,0.010417304,951.7051235,0.013859452,262.1840026,0.017404609,132.3748362,0.020850197,68.86658976,0.024297473,48.54183924,0.027847904,37.05967498,0.0312986,26.01568067,0.034852539,20.747083,0.038306639,15.59990592,0.041864081,11.36074367,0.045321573,8.045433714,0.052550976,0.73008531,0.060483947,0.153448569,,,,,,,,,,,,
0.007186101,8956.069733,0.010781807,2597.606099,0.014379272,924.3679245,0.017978503,404.9201369,0.021579487,194.329313,0.025182229,106.8279104,0.02888973,58.8734808,0.032496013,37.99318988,0.036104044,22.15737292,0.03971381,13.91487277,0.043325315,10.1315173,0.04704181,7.172943973,0.054355603,0.36863332,0.062805922,0.17749729,,,,,,,,,,,,
0.007396219,1409.472636,0.011149136,360.1682617,0.014903881,107.7949487,0.01866045,49.55990866,0.022418839,25.96097469,0.026179043,14.45139451,0.029941059,9.684366901,0.033704883,5.668897698,0.03747051,3.371276283,0.041237937,2.447933097,0.04500716,1.589009203,0.048778174,1.202493451,0.056388318,0.175369793,0.065147727,0.112429996,,,,,,,,,,,,
0.00771278,192.6868048,0.011519055,47.53201398,0.015432921,13.30874707,0.019348676,5.507815488,0.023160402,3.339384194,0.027079858,2.168431295,0.03100119,1.040847021,0.034818329,0.910741144,0.038849445,0.520423511,0.042670204,0.628845075,0.046598923,0.487897041,0.050529494,0.477054885,0.05843806,0.133122968,0.06761965,0.114111355,,,,,,,,,,,,
0.008032851,84.68168886,0.011998523,22.8802777,0.015966045,7.825877018,0.020042713,3.814293,0.024121319,1.753697931,0.027987045,1.490643242,0.032069411,0.679557948,0.0361537,0.613794276,0.040239908,0.416503259,0.04432803,0.219212241,0.048310402,0.246613772,0.052294584,0.197291017,0.060724506,0.157401994,,,,,,,,,,,,,,
0.008356206,64.98619531,0.012482934,17.46129591,0.016611563,6.212405151,0.02074209,3.549945801,0.024874509,1.641849933,0.029226462,0.820924966,0.033362749,0.510304709,0.037500914,0.17749729,0.04164095,0.155310129,0.045891879,0.277339516,0.050144765,0.221871613,0.054290486,0.088748645,0.063030496,0.159755898,,,,,,,,,,,,,,
0.008682615,32.98696075,0.012861928,7.150547729,0.01726321,2.293571913,0.021556437,1.517804943,0.025851603,0.899439966,0.030258918,0.697065974,0.03455801,0.412243318,0.038859026,0.292317989,0.043272324,0.224859991,0.047687638,0.247345991,0.051994507,0.281074989,0.056303277,0.202373992,0.065467584,0.193344265,,,,,,,,,,,,,,
0.009011844,56.87309957,0.013465179,15.42785526,0.017920519,5.728390045,0.022377858,2.807139345,0.026837189,1.323691723,0.031298508,1.072646741,0.035873418,0.627612455,0.040450399,0.365156338,0.044917742,0.182578169,0.049387048,0.20540044,0.053970121,0.190185592,0.058555239,0.20540044,0.068037919,0.118147194,,,,,,,,,,,,,,
0.009343658,42.73681642,0.013849639,12.87672808,0.018583019,4.825872864,0.023205772,2.784157422,0.027943386,1.624091829,0.032570255,1.020857721,0.037312076,0.835247227,0.041943043,0.580032796,0.046689044,0.386688531,0.051324074,0.417623613,0.056074229,0.25521443,0.060826474,0.162409183,0.070627677,0.21099911,,,,,,,,,,,,,,
0.00967782,33.41202659,0.01446298,7.797714835,0.019364243,3.583798232,0.024153634,1.91004631,0.028945105,1.102707148,0.033852804,0.803400922,0.038762672,1.043633551,0.04356044,0.689191968,0.048474563,0.236294389,0.053390834,0.295367986,0.058309236,0.330812144,0.063229771,0.118147194,,,,,,,,,,,,,,,,
0.010014088,51.65258208,0.01496682,12.31832898,0.020036938,5.345310782,0.025109281,2.270752325,0.030183842,1.125328586,0.035260612,0.743520673,0.040339583,0.622949753,0.045420748,0.140666073,0.050504097,0.221046686,0.055589623,0.321522453,0.060677319,0.261236993,0.065767174,0.18085638,,,,,,,,,,,,,,,,
0.010468591,24.10963839,0.015589884,5.734517571,0.020946281,2.219813253,0.026071999,1.130460453,0.031433005,0.616614793,0.036563116,0.472738008,0.041928695,0.513845661,0.047179878,0.197316734,0.05243328,0.226092091,0.057805702,0.102769132,0.06318042,0.102769132,0.068323594,0.082215306,,,,,,,,,,,,,,,,
